Line1, Line2, Line3
In the big dark room, lift the scent of the cold air, sleep sound and very long
In the big dark room, lift the scent of the cold air, sleep sound and very long
In the big dark room, lift the scent of the cold air, sleep sound and very long
In the big dark room, lift the scent of the cold air, sleep sound and very long
In the big dark room, lift the scent of the cold air, sleep sound and very long
In the big dark room, lift the scent of the cold air, sleep sound and very long
In the big dark room, lift the scent of the cold air, sleep sound and very long
In the big dark room, lift the scent of the cold air, sleep sound and very long
In the big dark room, lift the scent of the cold air, sleep sound and very long
In the big dark room, lift the scent of the cold air, sleep sound and very long
In the big dark room, lift the scent of the cold air, sleep sound and very long
In the big dark room, lift the scent of the cold air, sleep sound and very long
In the big dark room, lift the scent of the cold air, sleep sound and very long
In the big dark room, lift the scent of the cold air, sleep sound and very long
